genre,tag_id
hard rock,1
aor,2
under 2000 listeners,3
melodic metal,4
melodic hard rock,5
UNKNOWN,6
seen live,7
northern irish indie,8
korean instrumental,9
italian contemporary classical,10
ambient,11
experimental,12
drone,13
dark ambient,14
pop,15
80's,16
melodic rock,17
80er,18
neo-classical,19
french,20
rap,21
french rap,22
brazil,23
kurdish,24
kurtce,25
kurde,26
kurdish pop,27
folk,28
socal indie,29
punk,30
hardcore,31
d-beat,32
crustcore,33
neo-psicodelia brasileira,34
post-punk,35
industrial,36
psychedelic,37
noise,38
electropop,39
3,40
switzerland,41
sankt gallen,42
rap nortista,43
drum and bass,44
neurofunk,45
atmospheric drum and bass,46
dnb,47
atmospheric,48
soundtrack,49
hardstyle,50
electronic,51
indie,52
math rock,53
progressive,54
rap calme,55
rock,56
opm,57
filipino,58
pinoy,59
synth funk,60
hip-hop,61
brasil,62
brazilian bass,63
botswana pop,64
grungegaze,65
french indie pop,66
lounge,67
thrash metal,68
metal,69
jazz,70
horror punk,71
deathrock,72
punk rock,73
soul,74
r&b,75
honky tonk,76
country,77
melodic trance,78
outlaw country,79
alcohol,80
brazilian dnb,81
liquid funk,82
korean,83
k-rock,84
alternative,85
hardcore punk,86
swedish punk,87
french post-rock,88
instrumental post-rock,89
italo disco,90
disco,91
female vocalists,92
celtic,93
midwest,94
alternative hip hop,95
classic rock,96
70s,97
alternative rock,98
acoustic,99
netherlands,100
florida drill,101
house,102
france,103
turkish rock,104
baris manco little darling,105
black metal,106
death metal,107
jungle,108
remix,109
beats,110
bedroompop pop,111
chanson francaise,112
contemporary folk,113
folk rock,114
alt country,115
singer songwriter,116
reggaeton,117
merengue,118
latin,119
romanian,120
bahia,121
usa,122
american,123
female rapper,124
orchestral,125
classical,126
baroque,127
instrumental,128
indie pop,129
austrian,130
female singers,131
britpop revival,132
skate punk,133
melodic hardcore,134
korean hip-hop,135
hard alternative,136
electro,137
homemade,138
try,139
rap fr,140
trap metal,141
tropical house,142
norwegian,143
hard rock,1
aor,2
under 2000 listeners,3
melodic metal,4
melodic hard rock,5
UNKNOWN,6
seen live,7
northern irish indie,8
korean instrumental,9
italian contemporary classical,10
ambient,11
experimental,12
drone,13
dark ambient,14
pop,15
80's,16
melodic rock,17
80er,18
neo-classical,19
french,20
rap,21
french rap,22
brazil,23
kurdish,24
kurtce,25
kurde,26
kurdish pop,27
folk,28
socal indie,29
punk,30
hardcore,31
d-beat,32
crustcore,33
neo-psicodelia brasileira,34
post-punk,35
industrial,36
psychedelic,37
noise,38
electropop,39
3,40
switzerland,41
sankt gallen,42
rap nortista,43
drum and bass,44
neurofunk,45
atmospheric drum and bass,46
dnb,47
atmospheric,48
soundtrack,49
hardstyle,50
electronic,51
indie,52
math rock,53
progressive,54
rap calme,55
rock,56
opm,57
filipino,58
pinoy,59
synth funk,60
hip-hop,61
brasil,62
brazilian bass,63
botswana pop,64
grungegaze,65
french indie pop,66
lounge,67
thrash metal,68
metal,69
jazz,70
horror punk,71
deathrock,72
punk rock,73
soul,74
r&b,75
honky tonk,76
country,77
melodic trance,78
outlaw country,79
alcohol,80
brazilian dnb,81
liquid funk,82
korean,83
k-rock,84
alternative,85
hardcore punk,86
swedish punk,87
french post-rock,88
instrumental post-rock,89
italo disco,90
disco,91
female vocalists,92
celtic,93
midwest,94
alternative hip hop,95
classic rock,96
70s,97
alternative rock,98
acoustic,99
netherlands,100
florida drill,101
house,102
france,103
turkish rock,104
baris manco little darling,105
black metal,106
death metal,107
jungle,108
remix,109
beats,110
bedroompop pop,111
chanson francaise,112
contemporary folk,113
folk rock,114
alt country,115
singer songwriter,116
reggaeton,117
merengue,118
latin,119
romanian,120
bahia,121
usa,122
american,123
female rapper,124
orchestral,125
classical,126
baroque,127
instrumental,128
indie pop,129
austrian,130
female singers,131
britpop revival,132
skate punk,133
melodic hardcore,134
korean hip-hop,135
hard alternative,136
electro,137
homemade,138
try,139
rap fr,140
trap metal,141
tropical house,142
norwegian,143
hard rock,1
aor,2
under 2000 listeners,3
melodic metal,4
melodic hard rock,5
UNKNOWN,6
seen live,7
northern irish indie,8
korean instrumental,9
italian contemporary classical,10
ambient,11
experimental,12
drone,13
dark ambient,14
pop,15
80's,16
melodic rock,17
80er,18
neo-classical,19
french,20
rap,21
french rap,22
brazil,23
kurdish,24
kurtce,25
kurde,26
kurdish pop,27
folk,28
socal indie,29
punk,30
hardcore,31
d-beat,32
crustcore,33
neo-psicodelia brasileira,34
post-punk,35
industrial,36
psychedelic,37
noise,38
electropop,39
3,40
switzerland,41
sankt gallen,42
rap nortista,43
drum and bass,44
neurofunk,45
atmospheric drum and bass,46
dnb,47
atmospheric,48
soundtrack,49
hardstyle,50
electronic,51
indie,52
math rock,53
progressive,54
rap calme,55
rock,56
opm,57
filipino,58
pinoy,59
synth funk,60
hip-hop,61
brasil,62
brazilian bass,63
botswana pop,64
grungegaze,65
french indie pop,66
lounge,67
thrash metal,68
metal,69
jazz,70
horror punk,71
deathrock,72
punk rock,73
soul,74
r&b,75
honky tonk,76
country,77
melodic trance,78
outlaw country,79
alcohol,80
brazilian dnb,81
liquid funk,82
korean,83
k-rock,84
alternative,85
hardcore punk,86
swedish punk,87
french post-rock,88
instrumental post-rock,89
italo disco,90
disco,91
female vocalists,92
celtic,93
midwest,94
alternative hip hop,95
classic rock,96
70s,97
alternative rock,98
acoustic,99
netherlands,100
florida drill,101
house,102
france,103
turkish rock,104
baris manco little darling,105
black metal,106
death metal,107
jungle,108
remix,109
beats,110
bedroompop pop,111
chanson francaise,112
contemporary folk,113
folk rock,114
alt country,115
singer songwriter,116
reggaeton,117
merengue,118
latin,119
romanian,120
bahia,121
usa,122
american,123
female rapper,124
orchestral,125
classical,126
baroque,127
instrumental,128
indie pop,129
austrian,130
female singers,131
britpop revival,132
skate punk,133
melodic hardcore,134
korean hip-hop,135
hard alternative,136
electro,137
homemade,138
try,139
rap fr,140
trap metal,141
tropical house,142
norwegian,143
hard rock,1
aor,2
under 2000 listeners,3
melodic metal,4
melodic hard rock,5
UNKNOWN,6
seen live,7
northern irish indie,8
korean instrumental,9
italian contemporary classical,10
ambient,11
experimental,12
drone,13
dark ambient,14
pop,15
80's,16
melodic rock,17
80er,18
neo-classical,19
french,20
rap,21
french rap,22
brazil,23
kurdish,24
kurtce,25
kurde,26
kurdish pop,27
folk,28
socal indie,29
punk,30
hardcore,31
d-beat,32
crustcore,33
neo-psicodelia brasileira,34
post-punk,35
industrial,36
psychedelic,37
noise,38
electropop,39
3,40
switzerland,41
sankt gallen,42
rap nortista,43
drum and bass,44
neurofunk,45
atmospheric drum and bass,46
dnb,47
atmospheric,48
soundtrack,49
hardstyle,50
electronic,51
indie,52
math rock,53
progressive,54
rap calme,55
rock,56
opm,57
filipino,58
pinoy,59
synth funk,60
hip-hop,61
brasil,62
brazilian bass,63
botswana pop,64
grungegaze,65
french indie pop,66
lounge,67
thrash metal,68
metal,69
jazz,70
horror punk,71
deathrock,72
punk rock,73
soul,74
r&b,75
honky tonk,76
country,77
melodic trance,78
outlaw country,79
alcohol,80
brazilian dnb,81
liquid funk,82
korean,83
k-rock,84
alternative,85
hardcore punk,86
swedish punk,87
french post-rock,88
instrumental post-rock,89
italo disco,90
disco,91
female vocalists,92
celtic,93
midwest,94
alternative hip hop,95
classic rock,96
70s,97
alternative rock,98
acoustic,99
netherlands,100
florida drill,101
house,102
france,103
turkish rock,104
baris manco little darling,105
black metal,106
death metal,107
jungle,108
remix,109
beats,110
bedroompop pop,111
chanson francaise,112
contemporary folk,113
folk rock,114
alt country,115
singer songwriter,116
reggaeton,117
merengue,118
latin,119
romanian,120
bahia,121
usa,122
american,123
female rapper,124
orchestral,125
classical,126
baroque,127
instrumental,128
indie pop,129
austrian,130
female singers,131
britpop revival,132
skate punk,133
melodic hardcore,134
korean hip-hop,135
hard alternative,136
electro,137
homemade,138
try,139
rap fr,140
trap metal,141
tropical house,142
norwegian,143
hard rock,1
aor,2
under 2000 listeners,3
melodic metal,4
melodic hard rock,5
UNKNOWN,6
seen live,7
northern irish indie,8
korean instrumental,9
italian contemporary classical,10
ambient,11
experimental,12
drone,13
dark ambient,14
pop,15
80's,16
melodic rock,17
80er,18
neo-classical,19
french,20
rap,21
french rap,22
brazil,23
kurdish,24
kurtce,25
kurde,26
kurdish pop,27
folk,28
socal indie,29
punk,30
hardcore,31
d-beat,32
crustcore,33
neo-psicodelia brasileira,34
post-punk,35
industrial,36
psychedelic,37
noise,38
electropop,39
3,40
electronic pop,41
switzerland,42
sankt gallen,43
rap nortista,44
drum and bass,45
neurofunk,46
atmospheric drum and bass,47
dnb,48
atmospheric,49
soundtrack,50
hardstyle,51
electronic,52
indie,53
math rock,54
progressive,55
rap calme,56
rock,57
opm,58
filipino,59
pinoy,60
synth funk,61
hip-hop,62
brasil,63
brazilian bass,64
botswana pop,65
grungegaze,66
french indie pop,67
lounge,68
thrash metal,69
metal,70
jazz,71
horror punk,72
deathrock,73
punk rock,74
soul,75
r&b,76
honky tonk,77
country,78
melodic trance,79
outlaw country,80
alcohol,81
brazilian dnb,82
liquid funk,83
korean,84
k-rock,85
alternative r&b,86
hardcore punk,87
swedish punk,88
french post-rock,89
instrumental post-rock,90
italo disco,91
disco,92
french male vocalists,93
celtic,94
midwest,95
alternative hip hop,96
classic rock,97
70s,98
alternative rock,99
acoustic,100
netherlands,101
florida drill,102
house,103
france,104
turkish rock,105
baris manco little darling,106
black metal,107
death metal,108
jungle,109
remix,110
hihop,111
beats,112
bedroompop pop,113
chanson francaise,114
contemporary folk,115
folk rock,116
alt country,117
irish singer-songwriter,118
reggaeton,119
merengue,120
latin,121
romanian,122
bahia,123
usa,124
american,125
female rapper,126
orchestral,127
classical,128
baroque,129
instrumental,130
indie pop,131
austrian,132
female singers,133
australia,134
britpop revival,135
skate punk,136
melodic hardcore,137
korean hip-hop,138
hard alternative,139
electro,140
homemade,141
try,142
rap fr,143
trap metal,144
tropical house,145
norwegian,146
indie rock,147
piano,148
doom metal,149
sludge,150
doom,151
sludge metal,152
lo-fi brasileiro,153
trance,154
danish,155
denmark,156
uk,157
paris,158
slap house,159
emo,160
electronic djent,161
pop quebecois,162
kiwi rock,163
musica cristiana,164
french pop,165
the best,166
grime,167
haitian dance,168
tsm,169
polski rap,170
omen,171
motyw,172
italy,173
french hip hop,174
pop urbaine,175
rap lyonnais,176
comedie musicale,177
multiple artists,178
deezer,179
christian,180
gospel,181
worship,182
swiss,183
french stoner rock,184
drill,185
chicago,186
gbe,187
3miasto,188
grunge,189
polish,190
brutal death metal,191
gay,192
shitcore,193
gaycore,194
south african,195
africa,196
chillout,197
swedish hardcore,198
depressive metal,199
canada,200
ambient fusion,201
underground,202
podziemie,203
lublin,204
ritual,205
old school death metal,206
modern dream pop,207
c-pop,208
hong kong,209
asian,210
rnb,211
spanish,212
musica goiana,213
swedish,214
romantic,215
synthpop,216
danish modern jazz,217
jazz pop,218
rap belge,219
new beat,220
belgisch,221
acid house,222
techno,223
nantes indie,224
drill francais,225
rap francais,226
rap francais nouvelle vague,227
trap beats,228
reggae,229
downtempo,230
acid,231
greek,232
sephardic,233
ladino,234
funk,235
modern indie pop,236
cosmopolitan,237
krautrock,238
the bedford,239
shoegaze,240
dream pop,241
alternative,242
finnish,243
suomi,244
dance,245
eurodance,246
90s,247
german,248
congo,249
luxembourg,250
indie quebecois,251
french indietronica,252
rap liegeois,253
shatta,254
surf punk,255
hip-hop experimental,256
atmospheric black metal,257
canadian black metal,258
hyperpop francais,259
acid jazz,260
la pop,261
happy hardcore,262
horrorcore,263
edm,264
hyperpop,265
ravecore,266
electro swing,267
nu jazz,268
rap marseille,269
drum n bass,270
lofi,271
columbus ohio indie,272
easy listening,273
cinematic,274
trip hop,275
psychill,276
acid techno,277
discoverunsigned,278
baton rouge indie,279
lafayette indie,280
metropopolis,281
shimmer pop,282
female jazz vocalist,283
eurovision,284
avantgarde,285
deep talent show,286
malagasy pop,287
new wave,288
belgian,289
coldwave,290
male vocalist,291
australian indigenous music,292
power pop,293
pop rock,294
uk americana,295
soft rock,296
west coast,297
swiss hip hop,298
neo soul,299
heavy metal,300
new french touch,301
lo-fi,302
country: france,303
icelandic,304
chillwave,305
industrial techno,306
french reggae,307
commons,308
post-hardcore,309
british,310
forest,311
violin,312
colombia,313
bossa nova,314
brazilian,315
mpb,316
modern classical,317
solo piano,318
mundart,319
dutch house,320
electro house,321
progressive house,322
twee,323
60s,324
synthwave,325
10s,326
20s,327
retrowave,328
industrial rock,329
industrial metal,330
4,331
basshall,332
australian alt-country,333
montreal indie,334
poitiers,335
estonian pop,336
sad,337
beautiful,338
melancholy,339
modern rock,340
rave,341
hyper techno,342
naika rapgen deutsch hip hop deutschrap rap,343
ebm,344
dansk,345
ska,346
belgium,347
pop punk,348
zeeteah massiah,349
noise rock,350
experimental rock,351
midwest shoegaze,352
new age,353
french rock,354
belgian indie,355
progressive death metal,356
female fronted metal,357
jewish pop,358
rhythm and blues,359
blues,360
new orleans,361
rock and roll,362
50s,363
doo wop,364
synth,365
female vocal,366
israel,367
pop dance,368
progressive electro house,369
swiss pop,370
lithuanian,371
lithuanian rock,372
minimal synth,373
leuven,374
uk alternative pop,375
bad boy records,376
rap brasileiro,377
canadiana,378
quebec,379
leo,380
dylane dav,381
minko,382
urban kiz,383
bossa nova cover,384
idm,385
montenegro,386
electro-pop francais,387
heavy rock,388
band,389
duo,390
gaetane abrial,391
stoner rock,392
stoner metal,393
calgary,394
tv,395
speech,396
pop rap,397
electro rap,398
delandrea,399
melodic house,400
spotify,401
musique nigerienne,402
slayer,403
synth pop,404
euro pop,405
alternative metal,406
nu metal,407
metalcore,408
female soul vocalists,409
ost,410
movie music,411
melodic,412
russian,413
library,414
art pop,415
obscuresqism,416
the voice s19,417
ambient guitar,418
organic ambient,419
minimal,420
disco house,421
progressive rock,422
albanian alternative,423
melbourne,424
occult,425
doujin ongaku,426
voice drama,427
italien,428
demenziale,429
abruzzo,430
glitch,431
world music,432
woman,433
emo trap italiana,434
music,435
rivita,436
dubstep,437
rapfr trap rap jeft donbeats fief,438
dub brasileiro,439
mellow,440
hawaiian,441
island rock,442
deutschrap,443
estonia,444
irish pop,445
all,446
deutschpunk,447
funkrock,448
upbeat,449
chanson,450
nouvelle scene francaise,451
nouvelle chanson francaise,452
indie catala,453
jazz catala,454
bass,455
dancehall,456
moombahton,457
chill,458
deep,459
beatlesque,460
belgian electronics,461
powerpop,462
czech,463
background piano,464
bergamo indie,465
indie rock italiano,466
milan indie,467
filthstep,468
australian hip hop,469
minimalism,470
swede,471
canadian hip hop,472
japanese,473
j-rock,474
progressive trance,475
psychedelic trance,476
french hardcore,477
pianissimo,478
suisse,479
rutracker,480
upcoming album 2023,481
darkwave,482
meditative,483
french techno,484
german punk rock,485
yandex music,486
japanese dance pop,487
j-pop,488
japanese shoegaze,489
french synthpop,490
ccm,491
psy trance,492
hungarian,493
power metal,494
freakbeat,495
yugoslavia,496
s-r-b-i-j-a,497
k-pop,498
rock alternatif francais,499
djent,500
reunion pop,501
scandinavian r&b,502
sutton,503
bands on the run,504
symphonic metal,505
yuju,506
smooth jazz,507
gfriend,508
rio grande do sul indie,509
estonian indie,510
cologne hip hop,511
groove,512
hammond,513
flute,514
drums,515
swedish psychedelic,516
swedish rock,517
pystrance,518
goa,519
turkish,520
turkish indie,521
chile,522
quiet,523
fusion,524
ethiopia,525
somalia,526
ambient idm,527
polish electronica,528
seen live: 2007,529
electronica cristiana,530
luxembourgian indie,531
vanni,532
damien,533
lesser known yet streamable artists,534
breakcore,535
zouk,536
deathcore,537
death thrash metal,538
afro drill,539
manitoba country,540
electro jazz,541
comptine africaine,542
melodic death metal,543
chileno,544
electro dance,545
groove metal,546
uk contemporary r&b,547
australian r&b,548
musique guadeloupe,549
rap antillais,550
zouk riddim,551
cypriot pop,552
musica tlaxcalteca,553
breakbeats,554
ilg,555
d-dorf,556
luxembourgian hip hop,557
funky disco,558
eesti,559
musicmagpieuk,560
south carolina indie,561
37,562
37700,563
lo-fi chill,564
greek downtempo,565
hhqc,566
rap qc,567
garage rock,568
gabonese pop,569
r&b francais,570
gang of ducks,571
rap moldovenesc,572
musique urbaine brazzaville,573
instrumental acoustic guitar,574
musical,575
rap conscient,576
happy,577
illegal jungle,578
deep house,579
alt. rock,580
indian ambient,581
space ambient,582
laut,583
pop soul,584
classify,585
brest,586
pop-rock-electro,587
brest-meme,588
live gesehen,589
japanese metalcore,590
afrique,591
people,592
gabon,593
psychedelic rock,594
gospel amapiano,595
lgbt,596
sosnowiec,597
pyskaty,598
golda,599
lo-fi sleep,600
calm,601
cloud rap francais,602
ninja tune,603
emocore,604
musica popular amazonense,605
melodic dubstep,606
future bass,607
traprun,608
awesome,609
amazing,610
canadian blues,611
canadian folk,612
world,613
soheill,614
symphonic black metal,615
melodic black metal,616
the offspring,617
ynw,618
dutch pop,619
swing,620
minas gerais,621
auteur-compositeur-interprete quebecois,622
chillsynth,623
post-rock,624
gothic pop,625
romanian pop,626
haiti,627
haitian,628
straight edge,629
hungarian female vocalists,630
a dal 2019,631
polish hip-hop,632
virtua fighter,633
jacking house,634
yael naim,635
naim,636
rap chretien,637
tropical,638
indie folk,639
swedish indie,640
post-metal,641
fremantle indie,642
mbalax,643
senegalese traditional,644
musica andorra,645
pop nacional,646
tech house,647
portugal,648
queen,649
audiogram,650
australian electropop,651
erik strauss,652
dessy grande,653
london,654
ugandan,655
muzyka eksperymentalna,656
burundian pop,657
folk brasileiro,658
nova mpb,659
dark r&b,660
minimal techno,661
avant-rock,662
stoner,663
kmac,664
go4broke,665
post-bop,666
contemporary jazz,667
spain,668
indie electropop,669
jamaica,670
surf,671
garage,672
norway,673
berlin,674
indie veneto,675
bass house,676
quintrala chica,677
danish female vocalists,678
bitch,679
boy pop,680
dark electro,681
harsh ebm,682
native american,683
chicago house,684
musica etnica,685
neocrust,686
dark hardcore,687
kazakhstan,688
uk pop punk,689
not progressive metal,690
poland,691
speedcore,692
hardcore techno,693
deutsch,694
swedish synthpop,695
downbeat,696
greek indie rock,697
new,698
nueva ola,699
electro dub,700
chamber pop,701
australian dance,702
anime lo-fi,703
ethereal,704
check out later,705
uk hip-hop,706
india,707
dutch,708
nederlandstalig,709
nederpop,710
hardtechno,711
hard trance,712
austrian indie,713
austrian pop,714
canadian indie folk,715
frenchmusic,716
melodicpop,717
footwork,718
thailand,719
digicore,720
glitchcore,721
:d,722
party,723
contemporary,724
singer,725
nigeria,726
rapper,727
highlife,728
action rock,729
funeral doom,730
podcast,731
new zealand,732
modern reggae,733
dodgers,734
scotland,735
club,736
cloud rap,737
emo rap,738
vaporwave,739
korean punk,740
lille,741
nord,742
capilar problem,743
shitty,744
teen idol,745
rap montrealais,746
tijuana indie,747
big room,748
brostep,749
dutch edm,750
dirty electro,751
enfance,752
boom bap,753
instrumental hip-hop,754
lebanon,755
arabic,756
lebanese,757
trip rock,758
soul punk,759
bedroom rock,760
baroque pop,761
german singer-songwriter,762
slamming brutal death metal,763
sick brutal deathgrind,764
grindcore,765
arabic music,766
yara,767
narrative,768
weird folk,769
canadian post-rock,770
modern indie folk,771
dj,772
hungary,773
lo-fi hip hop,774
middlebury,775
wrmc,776
faroese indie,777
faroese pop,778
generic music,779
eternos,780
big time rush,781
afro r&b,782
recife,783
pernambuco,784
lithuanian edm,785
heavy dubstep,786
arab trap,787
turkish trap,788
irish,789
irish punk,790
underground hip-hop,791
arab electronic,792
bristol,793
rythmic noise,794
indie hip hop,795
toronto rap,796
turkey,797
nyhc,798
indietronica,799
music i tried but didnt like,800
symphonic power metal,801
stones throw,802
art folk,803
russian disko,804
rap napoletano,805
groove room,806
experimental techno,807
canadian classical piano,808
atb,809
style,810
canadian post-punk,811
luxembourgian electronic,812
melodic techno,813
indie folk italiano,814
punk blues,815
pune indie,816
von angesicht zu angesicht betrachtet,817
super junior,818
shinee,819
exo-k,820
exo-m,821
broken beat,822
goth,823
psychedelic indie,824
modern psychedelic rock,825
singer-songwriter pop,826
dungeon synth,827
comfy synth,828
relaxing,829
urban,830
chill house,831
chinese idol pop,832
french indie folk,833
dub,834
serbian,835
ex-yu,836
balkan,837
macedonian electronic,838
brighton indie,839
electro-industrial,840
not indie,841
latvian rock,842
future bounce,843
new brunswick indie,844
canadian stoner rock,845
uzbek,846
outrun,847
eugenyh,848
guitar,849
accordian,850
adult alternative,851
sudanese pop,852
alternative dance,853
dance-punk,854
idol,855
australian indie folk,856
australian singer-songwriter,857
visual kei,858
lisboa,859
thai,860
england,861
britain,862
moby,863
moldova,864
moldavian,865
swiss preselection,866
batida,867
funana,868
hip hop tuga,869
portuguese pop,870
rap angolano,871
vocal,872
cute,873
abstract hip-hop,874
nerdcore hip-hop,875
meme,876
neo-trad prog,877
brazilian rock,878
mandopop,879
taiwan singer-songwriter,880
electronica make at home,881
chamber music,882
argentina,883
gammarec,884
2juma,885
alternative country,886
hyperpop italiano,887
yojance,888
micorazon,889
canadian latin,890
free improvisation,891
mike fazio,892
francais,893
new york shoegaze,894
mix,895
kevin fisher,896
chattanooga indie,897
singapore,898
creative commons,899
german indie rock,900
costa rica,901
midwest emo,902
funky breaks,903
nu-funk,904
australian funk,905
rock alagoano,906
glam rock,907
romo,908
britpop,909
glam,910
belo horizonte indie,911
rock mineiro,912
cover,913
remake,914
space rock,915
drone rock,916
jean-pierre massiera,917
napolean xiv,918
:51n7h3515:,919
rock goiano,920
one-person band,921
speed plug brasileiro,922
afrobeat,923
funk 150 bpm,924
techhouse,925
bootleg,926
vintage,927
science,928
skepticism,929
skeptic,930
electronica techno,931
world beat,932
detroit rap,933
bolivia,934
cuban alternative,935
musica pitiusa,936
spanish electronic,937
bulgarian,938
bg rock,939
rwandan hip hop,940
pop r&b,941
trap soul,942
variete francaise,943
improvisation,944
agressive,945
latino nu metal,946
seasons change,947
catalan,948
portuguese,949
vietnam,950
folktronica,951
circuit,952
jangle pop,953
neo-psychedelia,954
futurepop,955
electronic music,956
zoomergaze,957
vocaloid,958
hatsune miku,959
composer,960
supercell,961
new york,962
christian rock,963
hairy chest,964
queer pop,965
italian male vocalists,966
eurovision youtubers,967
una voce per san marino,968
rapsody,969
future garage,970
modern country pop,971
shamanic,972
hard dance,973
german hiphop,974
rap siciliano,975
female fronted,976
pop metal,977
hell pop,978
pop rock brasileiro,979
brisbane indie,980
solo artist,981
rapcore,982
country quebecois,983
folk pop,984
diabolicaldeity,985
popwave,986
italian,987
harley biker music,988
cameroonian pop,989
tizik rapeur issue du 6030  charleroi est en place ok,990
deep tech,991
bandcamp,992
bandcamp com,993
musica cearense,994
pop edm,995
psychedelic blues,996
diy,997
single,998
iceberg,999
identify,1000
alan ayres,1001
russian rap,1002
rus rap,1003
salsa,1004
gato,1005
belgique,1006
national final,1007
brazilian indie rock,1008
brazilian lo-fi rock,1009
musica blumenauense,1010
shoegaze brasileiro,1011
fingerpicking,1012
dante matas,1013
more lost than you,1014
brit rock,1015
brit soul,1016
music producer,1017
metal gaucho,1018
eurodisco,1019
united kingdom,1020
great britain,1021
stutter house,1022
female,1023
laid back,1024
reseau musical sincever,1025
vocalqueen,1026
solomon islands,1027
wehlcore,1028
wehl,1029
power noize,1030
srsbnznz,1031
free jazz,1032
free rock,1033
noise jazz,1034
jamendo,1035
swedish indie folk,1036
old school,1037
mexicano,1038
velvet folk,1039
peru,1040
peruvian,1041
screamo,1042
rap gasy,1043
dark,1044
soundscape,1045
new romantic,1046
new wave pop,1047
sophisti-pop,1048
trap cristao,1049
speed metal,1050
spanish metal,1051
bollywood,1052
hindi,1053
desi,1054
oldies,1055
moroccan pop,1056
nyc indie rock,1057
tuvalu,1058
le coelho,1059
bhangra,1060
desi artist,1061
punjabi,1062
europe 2022,1063
sanremo giovani 2022,1064
brazilian reggae,1065
nova musica pernambucana,1066
epic,1067
french progressive rock,1068
prog related,1069
gangsta rap,1070
california,1071
west coast rap,1072
compton,1073
hardcore do terceiro mundo,1074
kazakh,1075
sexy,1076
chicks,1077
hot,1078
killer dude,1079
classical hip-hop,1080
willowcore,1081
soulful drum and bass,1082
belgian hip hop,1083
french folk pop,1084
rock independant francais,1085
javilda,1086
thoughtful,1087
australian alternative pop,1088
lilblue,1089
russian edm,1090
compositional ambient,1091
mauritius,1092
nova scotia wolfville canada,1093
funky house,1094
czech pop,1095
hip hop mauritanien,1096
musique mauritanienne,1097
blues rock,1098
bajan soca,1099
soca,1100
fictional,1101
prog rock,1102
guitar classics,1103
violoncello,1104
love,1105
kwaito,1106
african hip hop,1107
south african hip hop,1108
portuguese indie,1109
portuguese post-rock,1110
gothic rock,1111
producer,1112
weeds,1113
songwriter,1114
jazzyhiphop,1115
modern composer,1116
riot grrrl,1117
punk rock brasil,1118
prog folk,1119
uk house,1120
twee pop,1121
chaotique hardcore,1122
toby,1123
lo-fi pop,1124
opera,1125
female voices,1126
izzy,1127
crooner,1128
japan,1129
sydney indie,1130
classic french pop,1131
vocal jazz,1132
fallen angel,1133
gothic symphonic metal,1134
synthetic idm,1135
branson,1136
malagasy folk,1137
suicidal black metal,1138
love at first listen,1139
post-folk,1140
female guitarist,1141
french death metal,1142
neofolk,1143
powerviolence,1144
rap inde,1145
modern jazz,1146
trap music,1147
boston,1148
canadian electronic,1149
jigi,1150
chinese,1151
french rnb,1152
acidcore,1153
montreal,1154
french canadian,1155
female song writter,1156
italian female vocalists,1157
una voce per san marino 2023 semi finalists,1158
thrash,1159
uk thrash,1160
g-funk bayarea oakland rap,1161
seenlive,1162
glam metal,1163
folk noir,1164
acoustic folk,1165
acoustic pop,1166
german metalcore,1167
great lyrics,1168
bounce,1169
singaporean indie,1170
isle of man indie,1171
stoner doom,1172
sardinia indie,1173
united arab emirates,1174
technical thrash metal,1175
progressive thrash metal,1176
jesus movement,1177
radical,1178
nigger,1179
gay nigger,1180
gay hip-hop,1181
5 stars,1182
goa trance,1183
welsh indie,1184
melodic idm,1185
underground boom bap,1186
twan,1187
mongolia,1188
uem,1189
unyutu ergi mrtsuyt,1190
taiwanese,1191
edell,1192
italian post-rock,1193
azam ali,1194
hyperpop en espanol,1195
emotional,1196
french female,1197
one-man-band,1198
hip hop/rap,1199
chill dream pop,1200
dark synthpop,1201
gothic metal,1202
psychobilly,1203
hypertrance,1204
surf rock,1205
electrobilly,1206
soul rock,1207
video game music,1208
film music,1209
well-being,1210
florida,1211
southern metal,1212
kent indie,1213
french tech house,1214
oi,1215
western americana,1216
persian,1217
noise pop,1218
great,1219
spiritual,1220
romanian indie,1221
jazz fusion,1222
allaboutjazz,1223
hong kong indie,1224
catolica,1225
religious,1226
crunk,1227
tribecore hardtek tekno,1228
louisville,1229
misfits tribute,1230
double bass,1231
contrebasse,1232
nice,1233
pop reggaeton,1234
ambient black metal,1235
eurobeat,1236
poptron,1237
somafm,1238
album rock,1239
abstract,1240
r&b italiano,1241
rocksie,1242
anime,1243
canular,1244
morocco,1245
wonky,1246
malaysian indie,1247
tonga,1248
kiwi,1249
icke micke,1250
curso de armonica,1251
swiss techno,1252
electroclash,1253
cabaret,1254
samba,1255
french garage rock,1256
dub techno,1257
croatian indie,1258
serbian indie,1259
pop lgbtq+ brasileira,1260
afro house,1261
flatcore,1262
paramore,1263
french jazz,1264
slovak indie,1265
ragga,1266
winnipeg hip hop,1267
icelandic electronic,1268
nouvelle scene french,1269
model,1270
belgian edm,1271
audiobulb,1272
afrobeat fusion,1273
nudisco,1274
benoit de bonnefamille,1275
zi,1276
shit talk,1277
psych,1278
crust,1279
kosovan indie,1280
ambient pop,1281
heavy,1282
prog,1283
best of british,1284
indonesian emo rap,1285
indonesian hip hop,1286
eerie,1287
ghana,1288
utaite,1289
tribal jazz,1290
dark folk,1291
moroccan,1292
maltese,1293
minimal dark,1294
glitch hop,1295
taarab,1296
yearny,1297
radass voice,1298
korean indie,1299
flamenco,1300
plugg francais,1301
female vocal trance,1302
scandinavian girls,1303
spanish post-punk,1304
latvian,1305
rock quebecois,1306
gypsy jazz,1307
jazz manouche,1308
indian indie,1309
fake,1310
nwobhm,1311
kizomba,1312
angola,1313
los angeles,1314
estonian punk rock,1315
german indie,1316
contemporary christian,1317
post-grunge,1318
lyrical,1319
ghettotech,1320
female vox,1321
independent,1322
demoscene,1323
no label,1324
flamenco guitar,1325
kompakt,1326
ethnic,1327
karadeniz,1328
hemsin,1329
karadeniz folk,1330
ukhc,1331
live,1332
nerdcore,1333
nerd-core,1334
devotional,1335
united states,1336
japanese japon,1337
sleaze rock,1338
adelaide,1339
guitar virtuoso,1340
italian electronica,1341
greece,1342
low bap,1343
greek hip hop,1344
greek lyrics,1345
deutschrock,1346
1990s,1347
rennes indie,1348
liverpool indie,1349
french female vocalists,1350
anarchist punk,1351
cascadian,1352
lincoln ne indie,1353
dancehall guyanaise,1354
swiss indie,1355
leeds indie,1356
aggrotech,1357
chris teker,1358
ghetto elektro,1359
la java,1360
north carolina,1361
clan analogue,1362
doujin,1363
freestyle,1364
genius,1365
talentkonkurrence,1366
francophone,1367
dutch female vocalists,1368
paradox tilburg 2023,1369
san francisco,1370
denny soloist,1371
spanish or latin artists,1372
darksynth,1373
frankfurt indie,1374
manchester,1375
russian hip-hop,1376
michael mind,1377
doomgaze,1378
cologne,1379
favorites,1380
russian alternative,1381
japanese jazztronica,1382
musique comorienne,1383
musique mahoraise,1384
phonk,1385
soundcloud rap,1386
aesthetic rap,1387
le visiteur du futur,1388
the prince of tennis,1389
china,1390
boy band,1391
crank wave,1392
pianist,1393
gypsy,1394
karsten troyke,1395
egyptian,1396
jazz double bass,1397
post post-dubstep,1398
post-dubstep,1399
ye-ye,1400
spanish indie pop,1401
newbreed,1402
girls rawking lead,1403
northwest,1404
scottish,1405
dj 7habibi,1406
texas,1407
austin punk,1408
shana,1409
rockabilly,1410
60s girls,1411
minneapolis indie,1412
radio art,1413
european,1414
wellington flash blach,1415
basic channel,1416
modern alternative pop,1417
ambience,1418
glasgow indie,1419
sociopath recordings,1420
schlager,1421
karoo,1422
medieval rock,1423
pirate,1424
brooklyn,1425
musica italiana,1426
finnish jazz,1427
finnish soul,1428
triphop,1429
swing manouches,1430
croatian,1431
hrt dora,1432
world traditional,1433
mandinka,1434
burkina faso,1435
african acoustic,1436
isf2009,1437
indonesia,1438
memes xd,1439
varmland rock,1440
menestrel,1441
minnesota,1442
venezuela,1443
groovy,1444
latin pop,1445
metalica,1446
balfolk,1447
rock paraibano,1448
scottish indie folk,1449
algerian,1450
lowlands hardcore,1451
skatepunk,1452
wonderland,1453
genova,1454
chiara,1455
mckee,1456
australian reggae fusion,1457
french black metal,1458
trip,1459
rock brasil,1460
melodic punk,1461
tassie indie,1462
norsk lovsang,1463
awesome electronica,1464
will and grace,1465
boston electronic,1466
canadian psychedelic rock,1467
deep dubstep,1468
early music,1469
viola da gamba,1470
chiptune,1471
sega genesis,1472
traditional metal,1473
chilean metal,1474
song,1475
iskelma,1476
70s-80s new music - rock,1477
ruhrpott,1478
silesia,1479
netlabel,1480
puerto rico,1481
wild angels,1482
jazz-funk,1483
polish alternative,1484
poznan indie,1485
pagan metal,1486
nederland,1487
israeli indie,1488
modern funk,1489
madagascar,1490
1 in 360,1491
prog pop,1492
gentechenonstabene,1493
guadeloupe,1494
france pop,1495
finnish reggae,1496
finnish indie,1497
nz,1498
minimal electro,1499
dance machine isexy pt 2,1500
i m alone,1501
instrumental soul,1502
scandinavian soul,1503
1993,1504
gabber,1505
rocky horror picture show,1506
french dub,1507
game music,1508
grunge brasileiro,1509
baião,1510
touhou,1511
vocal trance,1512
seen dj,1513
-ddas as,1514
torch,1515
indie surf,1516
latvian indie,1517
christian afrobeat,1518
surfrock,1519
czech republic,1520
dark metal,1521
dc,1522
blissrock,1523
chicano rap,1524
country rock,1525
bro-country,1526
country pop,1527
avant-garde metal,1528
focus beats,1529
flamenco electronica,1530
grunge revival,1531
sid,1532
swedish tropical house,1533
klavier,1534
enstrumantal,1535
cumbia,1536
firenze indie,1537
coventry indie,1538
akon,1539
chill trap,1540
wildhearts,1541
beatdown hardcore,1542
beatdown,1543
mosh,1544
2-step,1545
rumba,1546
shakira,1547
supergroup,1548
bh,1549
moja muzika,1550
filter house,1551
canadian shoegaze,1552
rac,1553
vocal house,1554
anarchist,1555
rennes,1556
boston rock,1557
raggae pop,1558
serigne diagne,1559
allyson glado,1560
anarchist black metal,1561
usbm,1562
taiwan,1563
toto,1564
coltrane,1565
beyondwithin,1566
d'n'b,1567
super eurobeat,1568
flemish folk,1569
dirty old bluse,1570
radio,1571
90s emo,1572
trumpet,1573
caribbean,1574
ottawa,1575
celtic punk,1576
celtic rock,1577
nantes,1578
pxtone,1579
cc,1580
netaudio,1581
my coffee kick,1582
white stripes,1583
nashville,1584
recommended,1585
kickasstic,1586
pay attention,1587
trio,1588
chipmusic,1589
spectrum,1590
ay,1591
hypeddit,1592
portuguese black metal,1593
8bit,1594
old-school thrash metal,1595
rock nacional feminino,1596
german rock,1597
german metel,1598
seen live finnish,1599
ukg,1600
neo-prog,1601
the shore,1602
chill-hop,1603
chant,1604
auteur,1605
compositeur,1606
musique,1607
livetronica,1608
alt z,1609
french movie tunes,1610
breaks,1611
athens,1612
cowboy,1613
the voice,1614
colorado,1615
funeral doom metal,1616
avantgarde doom,1617
spanish hip-hop,1618
spanish rap,1619
ukrainian classical piano,1620
belge,1621
puredemo,1622
south african pop dance,1623
dark clubbing,1624
cdbaby,1625
beautiful woman,1626
propaganda,1627
fascism,1628
right-wing propaganda,1629
hungarian hip-hop,1630
microsoft,1631
bimbo,1632
artistartist,1633
experimental ambient,1634
laboratorio,1635
sacramento indie,1636
baltic post-punk,1637
mos def,1638
spoken word,1639
rock sul-mato-grossense,1640
dt,1641
elliott smith,1642
dunkerque,1643
depressive black metal,1644
true black metal,1645
turkce kadin rap,1646
cult pop,1647
dreamwave,1648
space disco,1649
retro electro,1650
traditional ska,1651
weirdcore,1652
grebo,1653
funk das antigas,1654
funk melody,1655
technology,1656
tedtalks,1657
video,1658
funk pop,1659
2008 discoveries,1660
pc 25,1661
nc 25,1662
psych pop,1663
absurd,1664
lyon,1665
00s,1666
french shoegaze,1667
japanese hardcore,1668
serbian electronic,1669
mblaq,1670
multidisciplinary,1671
dutch r&b,1672
viral pop,1673
mashup,1674
dream,1675
chromey,1676
tropical alternativo,1677
rap ivoire,1678
tzadik,1679
armenian,1680
scandipop,1681
tricky,1682
katcross,1683
ballad,1684
theater,1685
italian underground hip hop,1686
dreamcatcher,1687
dami,1688
czech rap,1689
czech hip hop,1690
cz rap,1691
duet,1692
electro-acoustic,1693
industrial noise,1694
belarusian,1695
modern darkwave,1696
turkish pop,1697
rocknroll,1698
strange sounds,1699
lo-fi jazzhop,1700
lo-fi study,1701
south african alternative,1702
new fusion flute new age,1703
kentucky indie,1704
techstep,1705
darkstep,1706
merida indie,1707
stichting stopcontact,1708
contactdisc,1709
aberdeen indie,1710
tampa indie,1711
london indie,1712
stefano mastronardi,1713
weird,1714
lush,1715
kizomba cabo-verdiana,1716
zimbabwe,1717
afropop,1718
desert blues,1719
mande pop,1720
g-house,1721
not folk,1722
not funny,1723
not pop,1724
turkish deep house,1725
nigerian pop,1726
chillstep,1727
dfw rap,1728
liquid,1729
ukrainian,1730
incelcore,1731
terminal rock,1732
pimba,1733
rap congolais,1734
corinho de fogo,1735
fogo pentecostal,1736
scratch,1737
nice indie,1738
musica infantil,1739
epic metal,1740
brazilian metal,1741
nwothm,1742
darklight,1743
milled pavement,1744
chill breakcore,1745
german post-punk,1746
neue neue deutsche welle,1747
colonia,1748
folk metal,1749
youth crew,1750
vermont,1751
ottawa rap,1752
funk dance pop 80s,1753
volksmusik,1754
corridos cristianos,1755
indie cristao,1756
malta,1757
rock pernambucano,1758
pedagogie,1759
2am,1760
texas latin rap,1761
new weird america,1762
freak folk,1763
streetpunk,1764
moogy - seal of quality,1765
solo,1766
nightrun,1767
charlottesville indie,1768
rva indie,1769
una voce per san marino 2022 casting,1770
diy synthesizers,1771
patchsynths,1772
mid-tempo,1773
australian house,1774
north carolina hip hop,1775
uk reggae,1776
relax,1777
relaxation,1778
russian rock,1779
irish post-punk,1780
irish shoegaze,1781
drill espanol,1782
synthesizer,1783
electro cold-shoegaze,1784
hip hop italiano,1785
kadaverrap,1786
deep groove house,1787
future house,1788
liverpool,1789
rap paranaense,1790
arashi,1791
johnnys entertainment,1792
dirty,1793
musica brasiliense,1794
rap guarulhense,1795
meditation,1796
mp3,1797
player,1798
piece of music,1799
afro-funk,1800
comedy,1801
sorta like bts,1802
nottingham indie,1803
covertronica,1804
queer,1805
mike patton,1806
desert rock,1807
nsbm,1808
dark techno,1809
phc,1810
hungarian techno,1811
psychedelic jazz fusion,1812
girls,1813
virgen,1814
shoegaze chileno,1815
rap potiguar,1816
lo-fi beat,1817
chill lounge,1818
turkish edm,1819
habib,1820
iranian,1821
bangladesh,1822
bangla,1823
fervor,1824
stuttgart indie,1825
early french punk,1826
quebec punk,1827
uk garage,1828
basement,1829
walter mmari,1830
jazz trombone,1831
minimal wave,1832
bern indie,1833
sexual music,1834
us,1835
cocuk sarkilari,1836
eric burdon,1837
iran,1838
persian rap,1839
aflak,1840
bassline,1841
musical theatre,1842
new musicals,1843
polish punk,1844
grudziadz,1845
new-folk,1846
bossbeat,1847
ambient synth,1848
deep smooth jazz,1849
frenchcore,1850
tekno,1851
mnml,1852
psychedelic folk,1853
not sludge,1854
french 60s,1855
tamil indie,1856
schleswig holstein,1857
punk chileno,1858
indie siciliano,1859
k-pop boy group,1860
folklore,1861
noisecore,1862
hxc,1863
slovak,1864
death doom,1865
mozambique,1866
phonk brasileiro,1867
social media pop,1868
gothenburg indie,1869
nordic shoegaze,1870
swedish indie rock,1871
slowcore,1872
manchester indie,1873
black metal from belarus,1874
turkish black metal,1875
jane the virgin,1876
south african electronic,1877
heavy prog,1878
noisegrind,1879
rock alternatywny,1880
indy indie,1881
swedish female vocalists,1882
organic soul,1883
gentle indie sounds,1884
indie napoletano,1885
welsh,1886
south wales,1887
llanelli,1888
vancouver indie,1889
aussie,1890
finland,1891
moroccan rock,1892
tamazight,1893
quebec musique emergente,1894
folk-chanson,1895
deep pop edm,1896
liedermacher,1897
mittelalter,1898
smoothjazz,1899
trailer music,1900
islamic,1901
shiite,1902
noha,1903
drill italiana,1904
a cappella,1905
oslo indie,1906
bubblegum bass,1907
pc music,1908
mixed-pop,1909
swedish dancehall,1910
gothic,1911
instrumental worship,1912
piano worship,1913
kc indie,1914
jazz boom bap,1915
uruguay,1916
tecnocangaco,1917
tecnocangasound,1918
rock gaucho,1919
lusofonia,1920
hi-nrg attack,1921
ken laszlo,1922
venezuelan indie,1923
nu disco,1924
progressive deathcore,1925
slide blues,1926
dark blues,1927
swedish electropop,1928
cornwall indie,1929
sweet soulmusic,1930
mariama,1931
anos 80,1932
polish reggae,1933
sad lo-fi,1934
nice music,1935
sxsw 2016,1936
chant religieux,1937
discoverockult,1938
seen live twice,1939
soundcloud,1940
tbm,1941
powernoise,1942
k-rap,1943
asian music,1944
adelaide indie,1945
philadelphia,1946
african experimental,1947
bay area,1948
talkbox,1949
drumnbass,1950
arena rock,1951
adult contemporary,1952
korean hardcore,1953
chill abstract hip hop,1954
slow game,1955
french metal,1956
neo metal,1957
otto,1958
dainuojamoji poezija,1959
lithuanian indie,1960
thai pop,1961
comics,1962
collected editions,1963
singer songwriter,1964
underrated essentials,1965
detroit,1966
michigan,1967
g-funk,1968
gangsta funk,1969
liechtenstein,1970
swiss rock,1971
siegen,1972
italogaze,1973
crazy girls,1974
harsh noise,1975
harsh noise wall,1976
internet radio,1977
hitech,1978
dutch metal,1979
iraq,1980
polish post-rock,1981
smooth n groovy,1982
keygen,1983
rap malien,1984
hard-core,1985
rotterdam indie,1986
rally house,1987
raw techno,1988
me encanta tu musica,1989
american idol,1990
got talent,1991
america's got talent,1992
illbient,1993
chipcore,1994
roots reggae,1995
hip house,1996
pei indie,1997
belgian post-rock,1998
bap,1999
zelo,2000
tempo,2001
rua,2002
not punk,2003
swedish house,2004
celta,2005
organic house,2006
canadian celtic,2007
post-punk revival,2008
neo post-punk,2009
acoustic blues,2010
up,2011
arabic hip-hop,2012
dystrix,2013
dystrixmusic,2014
television,2015
melbourne hip hop,2016
amiga,2017
pop music,2018
brazilian pop,2019
bass trap,2020
finnish edm,2021
hits,2022
kenya,2023
tgeerecords,2024
numberone,2025
art punk,2026
wien,2027
osterreichisch,2028
niebiescy,2029
ruch chorzow,2030
azeri rap,2031
experimental drone,2032
surreal soundscapes,2033
ydnw dive,2034
nyc pop,2035
2014,2036
akronym,2037
san diego,2038
munich indie,2039
sunshine,2040
jack johnson,2041
bob dylan,2042
john mayer,2043
zydeco,2044
chanson francaise humour humoristique ogres de barbach musique chansons nouvelle scene frais benabar sanseverino manouche rythme musiques chant raciste racisme super neuf rock jazz moderne drole,2045
the masked singer,2046
sri lanka,2047
p4 nasta 2021,2048
martial,2049
la indie,2050
anima,2051
etage noir,2052
beck,2053
lexington ky indie,2054
brazilian hardcore,2055
brazilian ska,2056
modern ska punk,2057
darkside,2058
hardstep,2059
production music,2060
colonne sonore,2061
indie electronic,2062
medieval,2063
medieval metal,2064
field recording,2065
drill brasileiro,2066
south rap,2067
musica campineira,2068
weblabel,2069
seattle,2070
christelijk,2071
avant garde techno,2072
modular synth,2073
blackened death metal,2074
perth hip hop,2075
bems,2076
panspermia,2077
diamond district,2078
cincinnati,2079
glitchbreak,2080
bases de freestyle,2081
power electronics,2082
cybernoise,2083
country rap,2084
redneck,2085
pink,2086
indie curitibano,2087
musica paranaense,2088
african shoegaze,2089
girl rock,2090
alternative and punk,2091
blue-eyed soul,2092
yacht rock,2093
kgrl,2094
ukrainian indie,2095
raw,2096
miami,2097
technical death metal,2098
technical deathcore,2099
jazz house,2100
newgrounds,2101
electro-punk,2102
lofi hip-hop,2103
chicha,2104
nu-cumbia,2105
nuevo folklore argentino,2106
post-hyipizdacore,2107
vermont indie,2108
swedish pop rap,2109
nu italo,2110
this is stylish music,2111
rock piauiense,2112
dutch folk,2113
dark poetry,2114
jersey club,2115
barnaul,2116
xhhdhdhhdhhdhhdhhdhhhdhhdhhdhhdhhdhhdhhdhhdhhdhhdhhhdhhdhhdhh,2117
dessydinho,2118
soulful,2119
swedish drill,2120
jamaican hip hop,2121
musica capixaba,2122
aarhus indie,2123
usbekistan,2124
blue note,2125
hard bop,2126
dutch drill,2127
various,2128
slowjam,2129
born in verona,2130
nummer,2131
brut,2132
brut records,2133
symphonic rock,2134
gateway,2135
google,2136
odyssey,2137
forbidden,2138
swirl,2139
underground paulista,2140
neo-rockabilly,2141
rap metal espanol,2142
memos,2143
gotico brasileiro,2144
brazilian thrash metal,2145
punk italiano,2146
tamarri,2147
brasileiro,2148
música,2149
retro soul,2150
to see it,2151
greek black metal,2152
silk,2153
new jack swing,2154
freestyle-80s-90s-dance-love-spanish,2155
tamaonsen,2156
high-tech minimal,2157
turkish metal,2158
rock en asturiano,2159
spanish punk,2160
post-rave,2161
eurovision song contest,2162
milwaukee hip hop,2163
musica campista,2164
kempel,2165
swedish americana,2166
rezone records,2167
sludgecore,2168
astrology,2169
battle rap,2170
future funk,2171
rap guineen,2172
sound collage,2173
good shit,2174
smart,2175
nouvelle scene,2176
lagrosseradio,2177
field recording ambient,2178
rai,2179
rai algerien,2180
dutch punk rock,2181
monteverde,2182
dark pop,2183
mlx,2184
jazz trumpet,2185
freak,2186
cool,2187
balearic,2188
cork indie,2189
singaporean electronic,2190
before i go,2191
portuguese death metal,2192
portuguese metal,2193
bm brazil,2194
ex-yu synthpop,2195
space pop,2196
space age pop,2197
english,2198
the feeling,2199
chidillo micho,2200
middle eastern,2201
indie shoegaze,2202
latin shoegaze,2203
shoegaze peruano,2204
ska pop,2205
alternative soul,2206
black rock,2207
samurai trap,2208
rocksteady,2209
symphonic progressive,2210
ko you like rocky balboa,2211
dandi,2212
christmas,2213
african gospel,2214
french worship,2215
kompa chretien,2216
korean electronic,2217
senegal,2218
french electro,2219
sax,2220
retro,2221
ambient dub techno,2222
weilheim,2223
spacesynth,2224
italo,2225
talentos brasileiros,2226
crososver rap,2227
musica sergipana,2228
altenativo rock brasil,2229
perth indie,2230
a certain ratio,2231
turkce pop,2232
lgbtq+ hip hop,2233
trad quebecois,2234
norwegian black metal,2235
fidget house,2236
fidget,2237
nestanicore,2238
origem desconhecida,2239
northeast indian indie,2240
banda carnavalera,2241
banda guanajuatense,2242
youtube,2243
360,2244
mlg,2245
post-youtube,2246
activ,2247
oana,2248
ecuador,2249
romanian dance,2250
memphis rap,2251
southern hip hop,2252
doomshop,2253
megadeth,2254
johnny fountains,2255
kamikaze project,2256
goregrind,2257
espanol,2258
2020s,2259
electronic chillwave,2260
suits,2261
rap catarinense,2262
psytech,2263
kwjones,2264
manitoba indie,2265
black,2266
ndw,2267
traditional english folk,2268
oon kayny kattomassa,2269
nordic soundtrack,2270
new jersey underground rap,2271
georgian alternative,2272
italian contemporary jazz,2273
alternrock,2274
bbe,2275
bew,2276
finnish punk,2277
ambient lo-fi,2278
vienna indie,2279
detroit techno,2280
brazilian gospel,2281
sertanejo gospel,2282
austin tx,2283
luisterpaal,2284
brony,2285
danish progressive rock,2286
rock synth,2287
ska jazz,2288
punk rock italiano,2289
dj marlon,2290
dj marlon de souza,2291
english indie rock,2292
proto-punk,2293
autist,2294
korean metal,2295
ecuadorian pop,2296
trap peruano,2297
kompa gouyad,2298
thall,2299
indie canario,2300
christian country,2301
jazz-hop,2302
harp,2303
mathcore,2304
chaotic metalcore,2305
deez,2306
mexican indie,2307
mexican rock,2308
uplifting,2309
canadian electropop,2310
camden,2311
techno pop,2312
ma vie de roadie,2313
rock paraense,2314
wigan,2315
ersguterjunge,2316
african music,2317
east african music,2318
swahili music,2319
tanzanian singers,2320
afrofuturismo brasileiro,2321
bboy,2322
obasi jackson,2323
2,2324
soviet,2325
sertanejo,2326
musica romantica,2327
brazilian country,2328
brazilian music,2329
musica brasileira,2330
georgian,2331
healing sound propagandist,2332
numeric,2333
pink noise,2334
japanese instrumental,2335
